;obj2;obj2
;obj3;obj3
obj2;obj4;obj4
obj2;obj5;obj5
obj2;obj6;obj6
obj3;obj7;obj7
obj3;obj8;obj8
obj8;obj9;obj9
obj8;obj10;obj10
;obj11;obj11
obj11;obj12;obj12
obj11;obj13;obj13
obj12;obj14;obj14
obj12;obj15;obj15
obj13;obj16;obj16
obj13;obj17;obj17
obj13;obj18;obj18
obj15;obj19;obj19
obj15;obj20;obj20
obj20;obj21;obj21
obj20;obj22;obj22
obj19;obj23;obj23
obj19;obj24;obj24
obj5;obj25;obj25
obj5;obj26;obj26
obj5;obj27;obj27
obj5;obj28;obj28
obj17;obj29;obj29
obj17;obj30;obj30
obj18;obj31;obj31
obj18;obj32;obj32
obj18;obj33;obj33
obj18;obj34;obj34
obj21;obj35;obj35
obj21;obj36;obj36
obj21;obj37;obj37
obj9;obj38;obj38
obj38;obj39;obj39
obj38;obj40;obj40
;obj41;obj41
;obj42;obj42
;obj43;obj43
obj41;obj45;obj45
obj41;obj46;obj46
obj41;obj47;obj47
obj41;obj48;obj48
obj41;obj49;obj49
obj42;obj50;obj50
obj42;obj51;obj51
obj42;obj52;obj52
obj43;obj53;obj53
obj43;obj54;obj54
obj43;obj55;obj55
obj43;obj56;obj56
obj45;obj57;obj57
obj45;obj58;obj58
obj45;obj59;obj59
obj46;obj60;obj60
obj46;obj61;obj61
obj46;obj62;obj62
obj46;obj63;obj63

